"","Df","SumsOfSqs","MeanSqs","F.Model","R2","Pr(>F)"
"type",4,1.68658711273124,0.421646778182811,1.43644801951938,0.0720513512794748,0.012
"year",9,3.16052576823943,0.351169529804382,1.19671947395416,0.135018316359884,0.034
"grower_ID",21,6.87488952928101,0.327375691870525,1.12866070806336,0.293696706646627,0.052
"fum_presence",2,0.914308878666915,0.457154439333458,1.54459054800106,0.0390594649380972,0.018
