"","Df","SumsOfSqs","MeanSqs","F.Model","R2","Pr(>F)"
"grower_ID",21,6.87488952928101,0.327375691870525,1.15367624310988,0.293696706646627,0.03
"type",4,1.49356505809803,0.373391264524508,1.31583572624277,0.0638054090698596,0.025
"Residuals",53,15.0396714613506,0.283767386063219,NA,0.642497884283514,NA
"Total",78,23.4081260487297,NA,NA,1,NA
