"","Df","SumsOfSqs","MeanSqs","F.Model","R2","Pr(>F)"
"type",4,2.24325984517834,0.560814961294585,1.37643664307238,0.0729182455936423,0.001
"year",9,4.98144596941656,0.55349399660184,1.39540301237598,0.161924309120997,0.001
"grower_ID",20,9.43196820057018,0.471598410028509,1.1938040541528,0.306590685496768,0.001
"fum_presence",1,0.462831112644146,0.462831112644146,1.11502716038214,0.0150445490355049,0.256
