"","Df","SumsOfSqs","MeanSqs","F.Model","R2","Pr(>F)"
"type",4,1.68658711273124,0.421646778182811,1.48588879092989,0.0720513512794748,0.005
"grower_ID",21,6.6818674746478,0.318184165459419,1.12128518316947,0.285450764437012,0.051
"Residuals",53,15.0396714613506,0.283767386063219,NA,0.642497884283514,NA
"Total",78,23.4081260487297,NA,NA,1,NA
